{
    "H_handeye": [
      [-0.9999997, -0.0006664,  0.0002577,  0.0102214],
      [ 0.0006685, -0.9999667,  0.0081395,  0.0496159],
      [ 0.0002523,  0.0081397,  0.9999668,  0.0213498],
      [ 0.0      ,  0.0      ,  0.0      ,  1.0      ]
    ],
    "detected_obj_pose_viewpoint": [
      [-1.0,  0.0, 0.0 ,  0.0],
      [0.0 , -1.0, 0.0 ,  0.0],
      [0.0 ,  0.0, 1.0 ,  0.0],
      [0.0 ,  0.0, 0.0 ,  1.0]
    ],
    "sensing_pose_list": [
      [ 1.283846 , -1.3624626, -1.8396932, -0.5310486, -1.2353861, -1.5947733],
      [ 1.2812575, -1.3650512, -1.8419274, -0.5335377, -0.9917186, -1.596874 ],
      [ 1.283846 , -1.3624626, -1.8396932, -0.5310486, -1.5053861, -1.5947733],
      [ 2.7050792, -1.662931 , -1.9194893, -0.4256797, -2.8885137, -1.7460536],
      [ 2.7051751, -1.6628352, -1.9194893, -0.4255838, -2.6484858, -1.7459638]
    ],
    "sensing_pose_idx": 0,

    "use_real_robot": false,
    "use_pump": false,
    "use_real_camera": false,
    "save_data_path": "data/picking_data",
    "checkpoint_path": "/home/hkclr/AGBot_ws/eu_robot_ws/refactored_eu_arm/sensing_algo/segmentation/checkpoints/blueberry_20250314.trt"

  }