{
    "H_handeye": [
      [ 0.00097161, 0.99990134,-0.01401297,-0.05197567],
      [-0.9999314 , 0.00080787,-0.01168531, 0.00909704],
      [-0.01167283, 0.01402336, 0.99983353, 0.00952641],
      [ 0         , 0         , 0         , 1         ]
    ],
    "detected_obj_pose_viewpoint": [
      [-1.0,  0.0, 0.0 ,  0.0],
      [0.0 , -1.0, 0.0 ,  0.0],
      [0.0 ,  0.0, 1.0 ,  0.0],
      [0.0 ,  0.0, 0.0 ,  1.0]
    ],
    "sensing_pose_list": [
      [2.574395534101916, 0.9207659092368762, -1.9761141315286885, -0.08501498460227146, -0.9407848245719745, 3.0029088061400255]
    ],
    "sensing_pose_idx": 0,

    "use_real_robot": true,
    "use_pump": false,
    "use_real_camera": true,
    "save_data_path": "data/picking_data",
    "checkpoint_path": "/home/hkclr/AGBot_ws/eu_robot_ws/refactored_eu_arm/sensing_algo/segmentation/checkpoints/blueberry_20250314.trt"

  }